{
  "walkforward_summary": {
    "step_1_close_mae": 4.4850850105285645,
    "baseline_step_1_close_mae": 4.323202610015869,
    "step_1_ohlc_mae": 3.6415411233901978,
    "baseline_step_1_ohlc_mae": 4.068946003913879,
    "step_1_range_mae": 2.8508248329162598,
    "baseline_step_1_range_mae": 7.47461199760437,
    "horizon_close_mae": 14.749894142150879,
    "baseline_horizon_close_mae": 14.206333637237549,
    "horizon_ohlc_mae": 14.49161958694458,
    "baseline_horizon_ohlc_mae": 13.969679355621338,
    "path_close_mae": 10.336106777191162,
    "baseline_path_close_mae": 9.770647048950195,
    "path_ohlc_mae": 9.766961097717285,
    "baseline_path_ohlc_mae": 9.475822448730469,
    "path_range_mae": 3.169776201248169,
    "baseline_path_range_mae": 7.490764617919922,
    "directional_accuracy": 0.4895833333333333,
    "baseline_directional_accuracy": 0.005208333333333333,
    "slice_count": 2,
    "val_windows_used": 192
  },
  "rolling_summary": {
    "rolling_predictions": 60,
    "directional_hit_rate": 0.45,
    "path_close_mae": 23.38503578106562,
    "path_ohlc_mae": 22.028786540031433,
    "path_range_mae": 10.071049110094707,
    "step_1_ohlc_mae": 8.276956685384114,
    "step_1_range_mae": 10.210108947753906,
    "step_1_close_mae": 10.725667826334636,
    "step_3_close_mae": 20.801576741536458,
    "step_5_close_mae": 29.06767883300781,
    "step_7_close_mae": 31.847813924153645
  },
  "backtest_date": "2026-01-21"
}