{
  "walkforward_summary": {
    "step_1_close_mae": 15.052790641784668,
    "baseline_step_1_close_mae": 4.327057123184204,
    "step_1_ohlc_mae": 13.409679412841797,
    "baseline_step_1_ohlc_mae": 4.055758595466614,
    "step_1_range_mae": 14.715380668640137,
    "baseline_step_1_range_mae": 7.480898857116699,
    "horizon_close_mae": 15.052790641784668,
    "baseline_horizon_close_mae": 4.327057123184204,
    "path_close_mae": 15.052790641784668,
    "baseline_path_close_mae": 4.327057123184204,
    "directional_accuracy": 0.49479166666666663,
    "baseline_directional_accuracy": 0.0026041666666666665,
    "slice_count": 2,
    "val_windows_used": 384
  },
  "rolling_summary": {
    "rolling_predictions": 60,
    "directional_hit_rate": 0.43333333333333335,
    "step_1_ohlc_mae": 5.202949778238932,
    "step_1_range_mae": 3.3949762980143228,
    "step_1_close_mae": 6.786761983235677
  },
  "backtest_date": "2026-01-29"
}