{
  "walkforward_summary": {
    "step_1_close_mae": 4.472160577774048,
    "baseline_step_1_close_mae": 4.329074859619141,
    "step_1_ohlc_mae": 3.585407018661499,
    "baseline_step_1_ohlc_mae": 4.060133576393127,
    "step_1_range_mae": 2.4783718585968018,
    "baseline_step_1_range_mae": 7.46617317199707,
    "horizon_close_mae": 13.581783294677734,
    "baseline_horizon_close_mae": 12.853854656219482,
    "horizon_ohlc_mae": 13.264066219329834,
    "baseline_horizon_ohlc_mae": 12.653450012207031,
    "path_close_mae": 9.684078216552734,
    "baseline_path_close_mae": 9.175710201263428,
    "path_ohlc_mae": 9.198790073394775,
    "baseline_path_ohlc_mae": 8.943629264831543,
    "path_range_mae": 2.661688208580017,
    "baseline_path_range_mae": 7.48225474357605,
    "directional_accuracy": 0.45572916666666663,
    "baseline_directional_accuracy": 0.0026041666666666665,
    "slice_count": 2,
    "val_windows_used": 384
  },
  "rolling_summary": {
    "rolling_predictions": 60,
    "directional_hit_rate": 0.48333333333333334,
    "path_close_mae": 22.706647936503092,
    "path_ohlc_mae": 21.219773976008096,
    "path_range_mae": 10.79330181280772,
    "step_1_ohlc_mae": 8.26413803100586,
    "step_1_range_mae": 10.099752807617188,
    "step_1_close_mae": 10.129790751139323,
    "step_3_close_mae": 19.43392384847005,
    "step_5_close_mae": 25.48231201171875,
    "step_7_close_mae": 34.115960184733076
  },
  "backtest_date": "2026-01-21"
}