{
  "walkforward_summary": {
    "step_1_close_mae": 11.24209475517273,
    "baseline_step_1_close_mae": 4.327057123184204,
    "step_1_ohlc_mae": 12.75219213962555,
    "baseline_step_1_ohlc_mae": 4.055758595466614,
    "step_1_range_mae": 25.49213969707489,
    "baseline_step_1_range_mae": 7.480898857116699,
    "horizon_close_mae": 11.24209475517273,
    "baseline_horizon_close_mae": 4.327057123184204,
    "path_close_mae": 11.24209475517273,
    "baseline_path_close_mae": 4.327057123184204,
    "directional_accuracy": 0.49479166666666663,
    "baseline_directional_accuracy": 0.0026041666666666665,
    "slice_count": 2,
    "val_windows_used": 384
  },
  "rolling_summary": {
    "rolling_predictions": 60,
    "directional_hit_rate": 0.45,
    "step_1_ohlc_mae": 5.09639523824056,
    "step_1_range_mae": 3.119701131184896,
    "step_1_close_mae": 6.572693379720052
  },
  "backtest_date": "2026-01-29"
}