{
  "walkforward_summary": {
    "step_1_close_mae": 4.424325227737427,
    "baseline_step_1_close_mae": 4.329074859619141,
    "step_1_ohlc_mae": 3.6039295196533203,
    "baseline_step_1_ohlc_mae": 4.060133576393127,
    "step_1_range_mae": 2.833829402923584,
    "baseline_step_1_range_mae": 7.46617317199707,
    "horizon_close_mae": 13.827530860900879,
    "baseline_horizon_close_mae": 12.853854656219482,
    "horizon_ohlc_mae": 13.444023609161377,
    "baseline_horizon_ohlc_mae": 12.653450012207031,
    "path_close_mae": 9.633144855499268,
    "baseline_path_close_mae": 9.175710201263428,
    "path_ohlc_mae": 9.159566402435303,
    "baseline_path_ohlc_mae": 8.943629264831543,
    "path_range_mae": 2.9309810400009155,
    "baseline_path_range_mae": 7.48225474357605,
    "directional_accuracy": 0.5052083333333334,
    "baseline_directional_accuracy": 0.0026041666666666665,
    "slice_count": 2,
    "val_windows_used": 384
  },
  "rolling_summary": {
    "rolling_predictions": 60,
    "directional_hit_rate": 0.4166666666666667,
    "path_close_mae": 21.697401348749796,
    "path_ohlc_mae": 20.67380284468333,
    "path_range_mae": 11.691287499666213,
    "step_1_ohlc_mae": 8.705901718139648,
    "step_1_range_mae": 10.284318033854166,
    "step_1_close_mae": 11.217378234863281,
    "step_3_close_mae": 18.8544672648112,
    "step_5_close_mae": 25.495824178059895,
    "step_7_close_mae": 32.60800018310547
  },
  "backtest_date": "2026-01-21"
}