expert,rolling_predictions,directional_hit_rate,step_1_ohlc_mae,step_1_range_mae,step_1_close_mae
v8_5,60,0.45,5.09639523824056,3.119701131184896,6.572693379720052
v9_2,60,0.43333333333333335,5.202949778238932,3.3949762980143228,6.786761983235677
v9_5,60,0.4666666666666667,5.1369879404703775,3.234716288248698,6.536449686686198
