expert,rolling_predictions,directional_hit_rate,path_close_mae,path_ohlc_mae,path_range_mae,step_1_ohlc_mae,step_1_range_mae,step_1_close_mae,step_3_close_mae,step_5_close_mae,step_7_close_mae
v8_5,60,0.4166666666666667,21.697401348749796,20.67380284468333,11.691287499666213,8.705901718139648,10.284318033854166,11.217378234863281,18.8544672648112,25.495824178059895,32.60800018310547
v9_2,60,0.48333333333333334,22.706647936503092,21.219773976008096,10.79330181280772,8.26413803100586,10.099752807617188,10.129790751139323,19.43392384847005,25.48231201171875,34.115960184733076
v9_5,60,0.45,23.38503578106562,22.028786540031433,10.071049110094707,8.276956685384114,10.210108947753906,10.725667826334636,20.801576741536458,29.06767883300781,31.847813924153645
