expert,rolling_predictions,directional_hit_rate,step_1_close_mae,step_3_close_mae,step_5_close_mae,step_7_close_mae
v8_5,60,0.48333333333333334,7.308810424804688,14.697815450032552,17.43899180094401,21.6583251953125
v9_2,60,0.5166666666666667,8.280538940429688,15.935802205403645,18.802950541178387,23.01057637532552
v9_5,60,0.5166666666666667,6.238607788085938,12.654899597167969,16.987703450520833,21.4790522257487
