expert,weight,reliability_score
v8_5,0.36014971485016584,0.11060598623376229
v9_2,0.35231621771855065,0.1082002320704913
v9_5,0.28753406743128346,0.08830491263132974
