{
  "v8_5": 0.36014971485016584,
  "v9_2": 0.35231621771855065,
  "v9_5": 0.28753406743128346
}