expert,weight,reliability_score
v9_5,0.6020549571306372,0.2536342488211667
v9_2,0.20232069888179557,0.08523384430953697
v8_5,0.19562434398756726,0.08241279795268584
