expert,weight,reliability_score
v9_5,0.7279129608544146,0.15405752245819707
v8_5,0.16368469645114983,0.03464268416101146
v9_2,0.10840234269443556,0.02294257314029237
