{
  "v9_5": 0.6020549571306372,
  "v9_2": 0.20232069888179557,
  "v8_5": 0.19562434398756726
}