expert,weight,reliability_score
v8_5,0.3416004721895041,0.10797629108106824
v9_2,0.33915821679564845,0.10720432001905233
v9_5,0.31924131101484743,0.10090879705844895
