{
  "v9_5": 0.7279129608544146,
  "v8_5": 0.16368469645114983,
  "v9_2": 0.10840234269443556
}