{
  "v8_5": 0.3416004721895041,
  "v9_2": 0.33915821679564845,
  "v9_5": 0.31924131101484743
}