Open,High,Low,Close
423.9402,427.86404,420.22324,424.60013
