step,v8_5,v9_2,v9_5,aggregate_close
1,423.16077,425.53098,424.755,424.60013
