expert,weight,reliability_score
v9_1,0.3926119141740527,0.24980511863963853
v8_5,0.315315705724444,0.2006242664416875
v9_2,0.2920723801015033,0.1858353578395802
