{
  "v9_1": 0.3926119141740527,
  "v8_5": 0.315315705724444,
  "v9_2": 0.2920723801015033
}